Vertices,Escola,Renda,Despesas,Valor Bens,vs,Vertices,Escola,Renda,Despesas,Valor Bens
1,0,0,"0,3333333333",0,,1,1,1,4,1
2,0,"0,6666666667","0,6666666667",0,,2,1,7,7,1
3,0,0,"0,1111111111",0,,3,1,1,2,1
4,0,"0,1111111111",0,"0,8888888889",,4,1,2,1,9
5,0,0,"0,4444444444",0,,5,1,1,5,1
6,0,"0,4444444444","0,4444444444","0,1111111111",,6,1,5,5,2
7,0,"0,8888888889","0,7777777778","0,2222222222",,7,1,9,8,3
8,0,"0,2222222222","0,1111111111","0,2222222222",,8,1,3,2,3
9,0,1,"0,2222222222","0,3333333333",,9,1,10,3,4
10,0,1,"0,3333333333","0,4444444444",,10,1,10,4,5
11,0,"0,4444444444","0,5555555556",0,,11,1,5,6,1
12,0,"0,1111111111","0,8888888889",0,,12,1,2,9,1
13,"0,5","0,3333333333","0,7777777778",0,,13,3,4,8,1
14,0,"0,2222222222","0,7777777778","0,4444444444",,14,1,3,8,5
15,0,"0,3333333333",1,"0,3333333333",,15,1,4,10,4
16,0,"0,2222222222","0,7777777778",0,,16,1,3,8,1
17,0,"0,5555555556","0,6666666667","0,2222222222",,17,1,6,7,3
18,0,"0,2222222222","0,6666666667","0,5555555556",,18,1,3,7,6
19,"0,5","0,1111111111","0,3333333333","0,6666666667",,19,3,2,4,7
20,0,"0,2222222222","0,7777777778",0,,20,1,3,8,1
21,"0,25","0,4444444444",0,"0,4444444444",,21,2,5,1,5
22,0,"0,4444444444","0,6666666667","0,2222222222",,22,1,5,7,3
23,0,"0,1111111111","0,2222222222","0,3333333333",,23,1,2,3,4
24,0,"0,1111111111","0,1111111111","0,7777777778",,24,1,2,2,8
25,0,"0,1111111111","0,4444444444","0,5555555556",,25,1,2,5,6
26,0,"0,1111111111","0,4444444444","0,5555555556",,26,1,2,5,6
27,0,"0,7777777778","0,2222222222",0,,27,1,8,3,1
28,0,"0,6666666667","0,6666666667",0,,28,1,7,7,1
29,0,"0,2222222222",0,"0,2222222222",,29,1,3,1,3
30,0,"0,5555555556","0,5555555556",0,,30,1,6,6,1
31,0,"0,5555555556","0,6666666667","0,7777777778",,31,1,6,7,8
32,0,"0,3333333333",0,0,,32,1,4,1,1
33,0,"0,6666666667","0,5555555556","0,6666666667",,33,1,7,6,7
34,0,"0,5555555556","0,2222222222","0,6666666667",,34,1,6,3,7
35,0,"0,1111111111","0,1111111111",0,,35,1,2,2,1
36,0,"0,1111111111","0,2222222222","0,6666666667",,36,1,2,3,7
37,0,"0,3333333333","0,7777777778",0,,37,1,4,8,1
38,0,1,"0,2222222222","0,1111111111",,38,1,10,3,2
39,0,"0,6666666667","0,3333333333",0,,39,1,7,4,1
40,0,"0,5555555556","0,8888888889",0,,40,1,6,9,1
41,0,"0,7777777778","0,5555555556",0,,41,1,8,6,1
42,"0,5","0,7777777778","0,8888888889",0,,42,3,8,9,1
43,0,"0,7777777778",0,0,,43,1,8,1,1
44,0,1,1,"0,3333333333",,44,1,10,10,4
45,0,1,"0,6666666667",0,,45,1,10,7,1
46,0,"0,3333333333","0,7777777778",0,,46,1,4,8,1
47,0,"0,4444444444","0,2222222222",0,,47,1,5,3,1
48,0,"0,8888888889",0,"0,7777777778",,48,1,9,1,8
49,"0,5","0,4444444444","0,6666666667","0,3333333333",,49,3,5,7,4
50,0,1,0,"0,3333333333",,50,1,10,1,4
51,0,"0,4444444444",1,0,,51,1,5,10,1
52,0,"0,4444444444","0,6666666667","0,3333333333",,52,1,5,7,4
53,0,"0,2222222222","0,8888888889",0,,53,1,3,9,1
54,0,"0,5555555556","0,8888888889",0,,54,1,6,9,1
55,"0,5","0,7777777778","0,8888888889","0,7777777778",,55,3,8,9,8
56,0,"0,3333333333","0,6666666667","0,6666666667",,56,1,4,7,7
57,0,"0,6666666667","0,5555555556","0,2222222222",,57,1,7,6,3
58,0,"0,8888888889","0,5555555556",0,,58,1,9,6,1
59,0,1,"0,6666666667","0,6666666667",,59,1,10,7,7
60,0,"0,6666666667","0,6666666667","0,6666666667",,60,1,7,7,7
61,0,"0,6666666667","0,3333333333",0,,61,1,7,4,1
62,0,0,"0,7777777778",0,,62,1,1,8,1
63,0,0,0,"0,1111111111",,63,1,1,1,2
64,0,"0,5555555556","0,1111111111","0,2222222222",,64,1,6,2,3
65,"0,75",1,"0,5555555556","0,5555555556",,65,4,10,6,6
66,0,0,1,"0,2222222222",,66,1,1,10,3
67,0,"0,8888888889","0,4444444444","0,7777777778",,67,1,9,5,8
68,0,"0,6666666667","0,4444444444","0,2222222222",,68,1,7,5,3
69,0,"0,3333333333","0,1111111111","0,2222222222",,69,1,4,2,3
70,0,"0,3333333333","0,2222222222","0,8888888889",,70,1,4,3,9
71,0,"0,1111111111","0,2222222222",0,,71,1,2,3,1
72,0,1,"0,5555555556","0,6666666667",,72,1,10,6,7
73,0,"0,1111111111","0,2222222222",0,,73,1,2,3,1
74,0,"0,2222222222",0,0,,74,1,3,1,1
75,"0,75","0,4444444444","0,3333333333","0,3333333333",,75,4,5,4,4
76,1,"0,6666666667","0,5555555556","0,3333333333",,76,5,7,6,4
77,0,"0,4444444444","0,1111111111",0,,77,1,5,2,1
78,0,"0,1111111111","0,8888888889",0,,78,1,2,9,1
79,0,"0,2222222222","0,4444444444","0,4444444444",,79,1,3,5,5
80,"0,5",0,"0,7777777778",0,,80,3,1,8,1
81,0,"0,7777777778","0,3333333333","0,4444444444",,81,1,8,4,5
82,0,"0,3333333333","0,4444444444","0,4444444444",,82,1,4,5,5
83,0,"0,7777777778","0,2222222222","0,5555555556",,83,1,8,3,6
84,0,"0,4444444444","0,3333333333","0,4444444444",,84,1,5,4,5
85,0,"0,5555555556",0,"0,3333333333",,85,1,6,1,4
86,0,"0,2222222222","0,8888888889",0,,86,1,3,9,1
87,0,"0,7777777778","0,3333333333","0,5555555556",,87,1,8,4,6
88,0,"0,2222222222","0,5555555556",0,,88,1,3,6,1
89,0,"0,2222222222","0,1111111111",0,,89,1,3,2,1
90,0,"0,2222222222","0,6666666667",0,,90,1,3,7,1
91,0,0,"0,6666666667",0,,91,1,1,7,1
92,0,1,"0,1111111111","0,7777777778",,92,1,10,2,8
93,0,"0,6666666667","0,3333333333",0,,93,1,7,4,1
94,0,0,"0,8888888889",0,,94,1,1,9,1
95,0,"0,5555555556","0,6666666667","0,6666666667",,95,1,6,7,7
96,0,"0,6666666667",0,0,,96,1,7,1,1
97,0,"0,4444444444","0,8888888889",0,,97,1,5,9,1
98,0,"0,2222222222",0,"0,1111111111",,98,1,3,1,2
99,0,"0,4444444444","0,7777777778",0,,99,1,5,8,1
100,0,"0,8888888889","0,1111111111",1,,100,1,9,2,10
101,0,"0,8888888889","0,3333333333","0,6666666667",,101,1,9,4,7
102,0,"0,4444444444",1,"0,8888888889",,102,1,5,10,9
103,0,"0,4444444444","0,7777777778","0,6666666667",,103,1,5,8,7
104,"0,25","0,5555555556",1,0,,104,2,6,10,1
105,"0,5","0,6666666667","0,8888888889",0,,105,3,7,9,1
106,0,"0,1111111111","0,2222222222",0,,106,1,2,3,1
107,0,"0,2222222222","0,1111111111","0,1111111111",,107,1,3,2,2
108,0,"0,5555555556","0,3333333333",0,,108,1,6,4,1
109,0,"0,3333333333","0,7777777778",0,,109,1,4,8,1
110,0,"0,4444444444","0,8888888889",0,,110,1,5,9,1
111,0,"0,4444444444","0,1111111111","0,7777777778",,111,1,5,2,8
112,0,"0,7777777778","0,6666666667","0,6666666667",,112,1,8,7,7
113,0,"0,3333333333",0,0,,113,1,4,1,1
114,0,"0,6666666667","0,8888888889","0,8888888889",,114,1,7,9,9
115,0,1,"0,6666666667","0,5555555556",,115,1,10,7,6
116,0,"0,7777777778","0,2222222222","0,7777777778",,116,1,8,3,8
117,0,"0,4444444444","0,3333333333",0,,117,1,5,4,1
118,0,"0,6666666667",1,"0,3333333333",,118,1,7,10,4
119,0,"0,4444444444","0,4444444444","0,6666666667",,119,1,5,5,7
120,0,"0,7777777778","0,5555555556","0,7777777778",,120,1,8,6,8
121,0,"0,5555555556","0,6666666667","0,3333333333",,121,1,6,7,4
122,0,"0,8888888889","0,3333333333",1,,122,1,9,4,10
123,0,"0,8888888889","0,5555555556",0,,123,1,9,6,1
124,0,"0,1111111111",1,0,,124,1,2,10,1
125,0,"0,1111111111",1,0,,125,1,2,10,1
126,0,"0,6666666667","0,5555555556","0,1111111111",,126,1,7,6,2
127,0,1,1,1,,127,1,10,10,10
128,0,"0,2222222222","0,3333333333","0,6666666667",,128,1,3,4,7
129,0,0,"0,1111111111","0,4444444444",,129,1,1,2,5
130,0,"0,6666666667","0,3333333333",0,,130,1,7,4,1
131,0,0,"0,6666666667",0,,131,1,1,7,1
132,0,"0,3333333333","0,5555555556","0,4444444444",,132,1,4,6,5
133,0,"0,3333333333","0,5555555556",0,,133,1,4,6,1
134,"0,5","0,6666666667","0,5555555556",0,,134,3,7,6,1
135,0,"0,5555555556",0,"0,4444444444",,135,1,6,1,5
136,0,"0,2222222222","0,1111111111","0,1111111111",,136,1,3,2,2
137,0,"0,3333333333","0,2222222222",0,,137,1,4,3,1
138,0,"0,5555555556","0,7777777778",0,,138,1,6,8,1
139,0,0,"0,3333333333",0,,139,1,1,4,1
140,0,"0,1111111111","0,8888888889",0,,140,1,2,9,1
141,"0,5","0,1111111111","0,3333333333","0,6666666667",,141,3,2,4,7
142,"0,75","0,1111111111","0,7777777778","0,4444444444",,142,4,2,8,5
143,0,0,1,0,,143,1,1,10,1
144,0,"0,7777777778",0,"0,3333333333",,144,1,8,1,4
145,0,"0,4444444444","0,8888888889",0,,145,1,5,9,1
146,0,"0,7777777778","0,6666666667",0,,146,1,8,7,1
147,0,"0,5555555556",1,0,,147,1,6,10,1
148,0,"0,6666666667","0,1111111111","0,5555555556",,148,1,7,2,6
149,0,"0,6666666667","0,6666666667","0,7777777778",,149,1,7,7,8
150,0,"0,2222222222","0,2222222222","0,4444444444",,150,1,3,3,5
151,0,"0,2222222222","0,8888888889",0,,151,1,3,9,1
152,0,"0,3333333333",0,"0,3333333333",,152,1,4,1,4
153,0,"0,5555555556","0,7777777778","0,1111111111",,153,1,6,8,2
154,0,"0,2222222222","0,8888888889",0,,154,1,3,9,1
155,0,"0,4444444444","0,2222222222",0,,155,1,5,3,1
156,0,"0,3333333333",1,0,,156,1,4,10,1
157,0,"0,8888888889",1,0,,157,1,9,10,1
158,0,"0,2222222222","0,2222222222","0,1111111111",,158,1,3,3,2
159,0,"0,1111111111","0,8888888889",0,,159,1,2,9,1
160,0,1,"0,4444444444",0,,160,1,10,5,1
161,0,"0,4444444444","0,1111111111","0,6666666667",,161,1,5,2,7
162,0,"0,4444444444","0,4444444444","0,2222222222",,162,1,5,5,3
163,0,1,1,"0,4444444444",,163,1,10,10,5
164,0,"0,7777777778","0,8888888889",0,,164,1,8,9,1
165,0,"0,6666666667","0,3333333333","0,6666666667",,165,1,7,4,7
166,0,"0,2222222222","0,2222222222","0,6666666667",,166,1,3,3,7
167,0,"0,6666666667","0,1111111111",0,,167,1,7,2,1
168,0,"0,7777777778",1,0,,168,1,8,10,1
169,0,"0,8888888889","0,6666666667","0,4444444444",,169,1,9,7,5
170,0,"0,4444444444","0,5555555556",0,,170,1,5,6,1
171,0,"0,4444444444","0,7777777778","0,4444444444",,171,1,5,8,5
172,0,"0,2222222222","0,3333333333",0,,172,1,3,4,1
173,0,"0,5555555556",0,0,,173,1,6,1,1
174,0,"0,3333333333","0,3333333333","0,5555555556",,174,1,4,4,6
175,0,1,"0,7777777778",0,,175,1,10,8,1
176,0,"0,8888888889","0,2222222222",0,,176,1,9,3,1
177,0,"0,1111111111","0,4444444444","0,3333333333",,177,1,2,5,4
178,0,"0,7777777778","0,1111111111",0,,178,1,8,2,1
179,0,"0,1111111111",0,0,,179,1,2,1,1
180,0,"0,7777777778","0,5555555556",0,,180,1,8,6,1
181,0,1,"0,6666666667","0,3333333333",,181,1,10,7,4
182,0,"0,1111111111","0,5555555556","0,1111111111",,182,1,2,6,2
183,0,"0,1111111111","0,6666666667",0,,183,1,2,7,1
184,0,0,0,"0,3333333333",,184,1,1,1,4
185,"0,5","0,4444444444","0,3333333333",0,,185,3,5,4,1
186,0,1,1,0,,186,1,10,10,1
187,0,"0,1111111111","0,5555555556","0,1111111111",,187,1,2,6,2
188,0,"0,1111111111","0,1111111111",0,,188,1,2,2,1
189,0,"0,7777777778","0,3333333333",0,,189,1,8,4,1
190,0,"0,1111111111","0,2222222222",0,,190,1,2,3,1
191,0,"0,3333333333","0,4444444444","0,7777777778",,191,1,4,5,8
192,0,1,"0,6666666667","0,7777777778",,192,1,10,7,8
193,0,"0,1111111111","0,6666666667",0,,193,1,2,7,1
194,0,"0,4444444444","0,1111111111","0,8888888889",,194,1,5,2,9
195,0,"0,8888888889","0,7777777778",0,,195,1,9,8,1
196,"0,5","0,5555555556",1,0,,196,3,6,10,1
197,0,"0,1111111111","0,3333333333",0,,197,1,2,4,1
198,1,1,"0,5555555556","0,8888888889",,198,5,10,6,9
199,0,"0,7777777778","0,6666666667",0,,199,1,8,7,1
200,0,"0,5555555556","0,5555555556","0,3333333333",,200,1,6,6,4
201,0,"0,4444444444",0,0,,201,1,5,1,1
202,"0,5","0,4444444444",1,0,,202,3,5,10,1
203,0,"0,7777777778",1,0,,203,1,8,10,1
204,0,"0,5555555556","0,3333333333",1,,204,1,6,4,10
205,0,"0,7777777778","0,7777777778","0,4444444444",,205,1,8,8,5
206,0,1,1,"0,6666666667",,206,1,10,10,7
207,"0,5","0,6666666667","0,8888888889",0,,207,3,7,9,1
208,0,"0,6666666667","0,6666666667","0,1111111111",,208,1,7,7,2
209,0,"0,5555555556","0,7777777778","0,5555555556",,209,1,6,8,6
210,0,"0,3333333333","0,7777777778","0,2222222222",,210,1,4,8,3
211,0,"0,1111111111","0,1111111111","0,1111111111",,211,1,2,2,2
212,0,"0,4444444444","0,3333333333",0,,212,1,5,4,1
213,0,"0,2222222222","0,2222222222","0,3333333333",,213,1,3,3,4
214,0,"0,7777777778",0,"0,4444444444",,214,1,8,1,5
215,0,"0,3333333333","0,1111111111","0,5555555556",,215,1,4,2,6
216,0,"0,3333333333","0,4444444444","0,3333333333",,216,1,4,5,4
217,0,"0,8888888889","0,8888888889","0,4444444444",,217,1,9,9,5
218,0,0,"0,3333333333",0,,218,1,1,4,1
219,0,"0,7777777778",0,0,,219,1,8,1,1
220,0,"0,1111111111","0,3333333333",0,,220,1,2,4,1
221,0,"0,8888888889","0,5555555556","0,5555555556",,221,1,9,6,6
222,0,"0,8888888889",0,1,,222,1,9,1,10
223,1,"0,6666666667","0,8888888889","0,2222222222",,223,5,7,9,3
224,0,"0,6666666667","0,2222222222",1,,224,1,7,3,10
225,0,"0,5555555556","0,6666666667","0,1111111111",,225,1,6,7,2
226,0,"0,6666666667",0,"0,7777777778",,226,1,7,1,8
227,0,"0,4444444444","0,2222222222","0,8888888889",,227,1,5,3,9
228,0,"0,4444444444","0,6666666667","0,3333333333",,228,1,5,7,4
229,0,"0,1111111111","0,1111111111","0,4444444444",,229,1,2,2,5
230,0,1,1,0,,230,1,10,10,1
231,"0,5","0,4444444444","0,1111111111","0,3333333333",,231,3,5,2,4
232,0,"0,2222222222","0,2222222222",0,,232,1,3,3,1
233,"0,5",0,"0,1111111111","0,6666666667",,233,3,1,2,7
234,0,"0,6666666667","0,7777777778",0,,234,1,7,8,1
235,"0,75","0,8888888889","0,5555555556","0,3333333333",,235,4,9,6,4
236,0,"0,6666666667","0,3333333333",0,,236,1,7,4,1
237,"0,5",1,"0,6666666667","0,2222222222",,237,3,10,7,3
238,0,"0,7777777778","0,1111111111",0,,238,1,8,2,1
239,0,"0,4444444444","0,7777777778",0,,239,1,5,8,1
240,"0,25","0,7777777778","0,7777777778","0,3333333333",,240,2,8,8,4
241,"0,5","0,2222222222",0,0,,241,3,3,1,1
242,0,1,"0,7777777778",1,,242,1,10,8,10
243,0,"0,2222222222","0,6666666667",0,,243,1,3,7,1
244,0,"0,7777777778","0,1111111111",0,,244,1,8,2,1
245,0,1,"0,2222222222","0,6666666667",,245,1,10,3,7
246,0,"0,3333333333","0,2222222222",0,,246,1,4,3,1
247,0,"0,2222222222","0,8888888889",0,,247,1,3,9,1
248,0,"0,8888888889","0,1111111111",1,,248,1,9,2,10
249,0,"0,6666666667","0,4444444444","0,5555555556",,249,1,7,5,6
250,"0,5","0,8888888889","0,3333333333",0,,250,3,9,4,1
251,"0,5","0,8888888889","0,8888888889",1,,251,3,9,9,10
252,0,0,1,0,,252,1,1,10,1
253,"0,5",1,"0,6666666667","0,8888888889",,253,3,10,7,9
254,"0,25","0,2222222222","0,4444444444",0,,254,2,3,5,1
255,0,"0,3333333333","0,2222222222","0,7777777778",,255,1,4,3,8
256,0,"0,3333333333","0,5555555556","0,6666666667",,256,1,4,6,7
257,1,"0,3333333333","0,5555555556",0,,257,5,4,6,1
258,0,"0,3333333333","0,4444444444",0,,258,1,4,5,1
259,0,"0,2222222222",0,0,,259,1,3,1,1
260,0,0,0,0,,260,1,1,1,1
261,0,"0,8888888889","0,2222222222","0,1111111111",,261,1,9,3,2
262,0,"0,6666666667",1,0,,262,1,7,10,1
263,0,"0,3333333333","0,3333333333",0,,263,1,4,4,1
264,0,"0,7777777778","0,8888888889","0,5555555556",,264,1,8,9,6
265,0,"0,4444444444",0,"0,3333333333",,265,1,5,1,4
266,0,"0,5555555556","0,4444444444",0,,266,1,6,5,1
267,0,"0,3333333333",0,"0,5555555556",,267,1,4,1,6
268,0,"0,6666666667","0,8888888889","0,1111111111",,268,1,7,9,2
269,0,"0,3333333333",0,"0,5555555556",,269,1,4,1,6
270,0,"0,3333333333","0,1111111111",0,,270,1,4,2,1
271,0,0,"0,1111111111",1,,271,1,1,2,10
272,0,"0,2222222222",1,0,,272,1,3,10,1
273,0,"0,3333333333","0,7777777778","0,3333333333",,273,1,4,8,4
274,0,"0,2222222222","0,6666666667",0,,274,1,3,7,1
275,0,"0,5555555556","0,8888888889",0,,275,1,6,9,1
276,0,"0,2222222222","0,3333333333",1,,276,1,3,4,10
277,0,"0,7777777778","0,6666666667","0,2222222222",,277,1,8,7,3
278,0,0,"0,4444444444",0,,278,1,1,5,1
279,0,"0,2222222222","0,1111111111",0,,279,1,3,2,1
280,0,"0,5555555556","0,2222222222",0,,280,1,6,3,1
281,0,"0,3333333333","0,3333333333",0,,281,1,4,4,1
282,0,"0,4444444444","0,2222222222","0,8888888889",,282,1,5,3,9
283,0,"0,3333333333","0,5555555556","0,5555555556",,283,1,4,6,6
284,1,"0,3333333333","0,4444444444",0,,284,5,4,5,1
285,0,"0,8888888889","0,6666666667","0,8888888889",,285,1,9,7,9
286,0,"0,1111111111","0,5555555556",0,,286,1,2,6,1
287,"0,5","0,8888888889","0,3333333333",0,,287,3,9,4,1
288,0,"0,4444444444","0,1111111111",0,,288,1,5,2,1
289,0,1,"0,3333333333","0,8888888889",,289,1,10,4,9
290,0,"0,1111111111","0,3333333333",0,,290,1,2,4,1
291,0,"0,5555555556","0,1111111111","0,6666666667",,291,1,6,2,7
292,0,"0,8888888889","0,4444444444",0,,292,1,9,5,1
293,0,"0,5555555556","0,5555555556","0,8888888889",,293,1,6,6,9
294,"0,5","0,6666666667","0,3333333333",0,,294,3,7,4,1
295,"0,5","0,3333333333","0,7777777778",1,,295,3,4,8,10
296,0,"0,2222222222",1,0,,296,1,3,10,1
297,0,"0,8888888889","0,5555555556","0,4444444444",,297,1,9,6,5
298,0,"0,7777777778","0,7777777778","0,4444444444",,298,1,8,8,5
299,0,"0,7777777778","0,5555555556","0,7777777778",,299,1,8,6,8
300,0,"0,2222222222","0,6666666667",0,,300,1,3,7,1
301,"0,5","0,3333333333","0,3333333333",1,,301,3,4,4,10
302,0,"0,3333333333","0,4444444444",0,,302,1,4,5,1
303,0,"0,8888888889","0,7777777778",0,,303,1,9,8,1
304,0,"0,5555555556","0,6666666667","0,1111111111",,304,1,6,7,2
305,0,0,"0,6666666667",0,,305,1,1,7,1
306,0,1,"0,5555555556",1,,306,1,10,6,10
307,0,0,"0,1111111111",0,,307,1,1,2,1
308,0,"0,4444444444","0,2222222222","0,7777777778",,308,1,5,3,8
309,0,"0,5555555556","0,1111111111","0,2222222222",,309,1,6,2,3
310,0,1,1,"0,7777777778",,310,1,10,10,8
311,0,1,"0,4444444444",0,,311,1,10,5,1
312,0,0,"0,4444444444",0,,312,1,1,5,1
313,0,"0,3333333333","0,2222222222",0,,313,1,4,3,1
314,0,"0,8888888889","0,8888888889",0,,314,1,9,9,1
315,"0,5","0,5555555556","0,8888888889","0,3333333333",,315,3,6,9,4
316,0,"0,1111111111","0,5555555556","0,6666666667",,316,1,2,6,7
317,0,"0,4444444444","0,4444444444","0,3333333333",,317,1,5,5,4
318,0,"0,6666666667","0,5555555556",1,,318,1,7,6,10
319,0,0,"0,3333333333","0,3333333333",,319,1,1,4,4
320,0,"0,6666666667","0,8888888889","0,3333333333",,320,1,7,9,4
321,"0,25",1,1,"0,2222222222",,321,2,10,10,3
322,0,"0,5555555556","0,4444444444","0,8888888889",,322,1,6,5,9
323,0,"0,8888888889","0,4444444444",0,,323,1,9,5,1
324,0,"0,3333333333","0,3333333333",0,,324,1,4,4,1
325,0,"0,8888888889","0,1111111111","0,2222222222",,325,1,9,2,3
326,0,"0,3333333333","0,1111111111",1,,326,1,4,2,10
327,0,"0,3333333333","0,2222222222","0,4444444444",,327,1,4,3,5
328,0,"0,1111111111",0,"0,1111111111",,328,1,2,1,2
329,0,"0,2222222222","0,8888888889","0,7777777778",,329,1,3,9,8
330,"0,5","0,8888888889",1,0,,330,3,9,10,1
331,0,"0,1111111111","0,6666666667","0,4444444444",,331,1,2,7,5
332,0,"0,8888888889","0,8888888889","0,5555555556",,332,1,9,9,6
333,0,"0,2222222222",0,0,,333,1,3,1,1
334,0,"0,7777777778","0,7777777778",0,,334,1,8,8,1
335,0,"0,3333333333",1,0,,335,1,4,10,1
336,0,"0,3333333333","0,5555555556","0,2222222222",,336,1,4,6,3
337,0,"0,2222222222","0,2222222222",0,,337,1,3,3,1
338,0,"0,6666666667","0,8888888889",0,,338,1,7,9,1
339,0,"0,4444444444","0,5555555556","0,6666666667",,339,1,5,6,7
340,0,"0,7777777778",1,"0,7777777778",,340,1,8,10,8
341,0,"0,2222222222","0,5555555556",0,,341,1,3,6,1
342,0,"0,1111111111","0,3333333333","0,7777777778",,342,1,2,4,8
343,0,"0,4444444444","0,1111111111","0,1111111111",,343,1,5,2,2
344,"0,5","0,4444444444",1,0,,344,3,5,10,1
345,0,"0,3333333333","0,7777777778",1,,345,1,4,8,10
346,0,"0,5555555556",1,0,,346,1,6,10,1
347,0,0,"0,4444444444","0,2222222222",,347,1,1,5,3
348,0,"0,3333333333","0,8888888889",0,,348,1,4,9,1
349,0,"0,7777777778",0,0,,349,1,8,1,1
350,"0,5","0,5555555556","0,8888888889",0,,350,3,6,9,1
351,0,"0,5555555556","0,7777777778",0,,351,1,6,8,1
352,0,"0,4444444444",0,"0,5555555556",,352,1,5,1,6
353,0,"0,1111111111","0,4444444444",0,,353,1,2,5,1
354,0,"0,7777777778","0,6666666667","0,5555555556",,354,1,8,7,6
355,0,"0,5555555556","0,8888888889",0,,355,1,6,9,1
356,0,"0,7777777778","0,1111111111","0,6666666667",,356,1,8,2,7
357,0,"0,5555555556",1,0,,357,1,6,10,1
358,0,"0,3333333333",0,"0,8888888889",,358,1,4,1,9
359,0,"0,2222222222","0,2222222222","0,5555555556",,359,1,3,3,6
360,0,"0,4444444444","0,5555555556",0,,360,1,5,6,1
361,0,"0,3333333333","0,2222222222","0,4444444444",,361,1,4,3,5
362,"0,25","0,2222222222",0,0,,362,2,3,1,1
363,0,"0,7777777778",1,0,,363,1,8,10,1
364,0,"0,8888888889","0,6666666667",0,,364,1,9,7,1
365,0,"0,5555555556",1,0,,365,1,6,10,1
366,0,"0,2222222222","0,2222222222",0,,366,1,3,3,1
367,0,0,"0,3333333333","0,6666666667",,367,1,1,4,7
368,0,"0,2222222222","0,3333333333","0,6666666667",,368,1,3,4,7
369,0,"0,4444444444","0,5555555556","0,1111111111",,369,1,5,6,2
370,0,"0,8888888889","0,1111111111","0,8888888889",,370,1,9,2,9
371,0,"0,3333333333","0,5555555556",0,,371,1,4,6,1
372,"0,5","0,8888888889","0,1111111111",0,,372,3,9,2,1
373,0,0,"0,8888888889",0,,373,1,1,9,1
374,0,"0,3333333333","0,5555555556","0,3333333333",,374,1,4,6,4
375,0,"0,2222222222","0,1111111111","0,2222222222",,375,1,3,2,3
376,0,1,"0,4444444444","0,5555555556",,376,1,10,5,6
377,0,"0,8888888889","0,6666666667","0,4444444444",,377,1,9,7,5
378,0,"0,1111111111","0,3333333333",0,,378,1,2,4,1
379,0,"0,7777777778","0,5555555556","0,8888888889",,379,1,8,6,9
380,0,0,0,"0,6666666667",,380,1,1,1,7
381,0,"0,1111111111","0,3333333333",0,,381,1,2,4,1
382,0,0,"0,4444444444",0,,382,1,1,5,1
383,0,"0,2222222222","0,3333333333","0,5555555556",,383,1,3,4,6
384,0,0,"0,2222222222",0,,384,1,1,3,1
385,0,"0,6666666667","0,8888888889","0,4444444444",,385,1,7,9,5
386,0,0,0,"0,7777777778",,386,1,1,1,8
387,0,"0,8888888889","0,3333333333","0,8888888889",,387,1,9,4,9
388,0,"0,1111111111","0,4444444444","0,1111111111",,388,1,2,5,2
389,0,0,1,"0,6666666667",,389,1,1,10,7
390,0,"0,8888888889","0,8888888889","0,2222222222",,390,1,9,9,3
391,0,0,0,"0,5555555556",,391,1,1,1,6
392,0,"0,5555555556","0,1111111111","0,3333333333",,392,1,6,2,4
393,0,"0,4444444444",0,0,,393,1,5,1,1
394,0,1,"0,7777777778",0,,394,1,10,8,1
395,0,"0,7777777778","0,3333333333","0,8888888889",,395,1,8,4,9
396,0,"0,7777777778",1,0,,396,1,8,10,1
397,0,"0,4444444444","0,4444444444","0,8888888889",,397,1,5,5,9
398,0,"0,3333333333","0,3333333333","0,8888888889",,398,1,4,4,9
399,0,"0,5555555556","0,7777777778",0,,399,1,6,8,1
400,"0,5",0,0,0,,400,3,1,1,1
401,0,"0,7777777778",1,0,,401,1,8,10,1
402,0,"0,4444444444","0,4444444444",0,,402,1,5,5,1
403,0,"0,2222222222","0,2222222222",0,,403,1,3,3,1
404,0,"0,5555555556","0,4444444444","0,8888888889",,404,1,6,5,9
405,"0,75","0,8888888889","0,8888888889","0,7777777778",,405,4,9,9,8
406,0,"0,8888888889","0,7777777778",0,,406,1,9,8,1
407,0,"0,6666666667","0,8888888889",0,,407,1,7,9,1
408,0,"0,5555555556","0,1111111111","0,5555555556",,408,1,6,2,6
409,0,"0,2222222222","0,1111111111",0,,409,1,3,2,1
410,0,"0,8888888889",1,0,,410,1,9,10,1
411,0,"0,2222222222","0,5555555556","0,6666666667",,411,1,3,6,7
412,0,1,"0,4444444444","0,1111111111",,412,1,10,5,2
413,0,"0,2222222222","0,2222222222","0,3333333333",,413,1,3,3,4
414,0,"0,8888888889","0,7777777778","0,7777777778",,414,1,9,8,8
415,0,"0,8888888889","0,1111111111",0,,415,1,9,2,1
416,0,1,"0,2222222222","0,4444444444",,416,1,10,3,5
417,0,1,"0,5555555556","0,1111111111",,417,1,10,6,2
418,0,"0,7777777778",1,0,,418,1,8,10,1
419,0,"0,6666666667","0,6666666667","0,7777777778",,419,1,7,7,8
420,0,0,"0,2222222222",0,,420,1,1,3,1
421,"0,5","0,1111111111",0,"0,7777777778",,421,3,2,1,8
422,0,"0,2222222222","0,4444444444",0,,422,1,3,5,1
423,0,0,"0,5555555556","0,6666666667",,423,1,1,6,7
424,0,"0,1111111111","0,6666666667","0,5555555556",,424,1,2,7,6
425,0,"0,6666666667",1,0,,425,1,7,10,1
426,0,"0,2222222222",0,0,,426,1,3,1,1
427,"0,5","0,7777777778","0,6666666667","0,7777777778",,427,3,8,7,8
428,0,"0,6666666667","0,1111111111","0,4444444444",,428,1,7,2,5
429,0,1,"0,2222222222",0,,429,1,10,3,1
430,0,"0,4444444444","0,6666666667",0,,430,1,5,7,1
431,0,"0,6666666667","0,6666666667",1,,431,1,7,7,10
432,"0,75","0,5555555556","0,3333333333","0,5555555556",,432,4,6,4,6
433,0,"0,6666666667","0,5555555556","0,8888888889",,433,1,7,6,9
434,0,"0,4444444444",0,0,,434,1,5,1,1
435,0,"0,4444444444","0,8888888889",0,,435,1,5,9,1
436,0,0,"0,3333333333","0,5555555556",,436,1,1,4,6
437,0,"0,1111111111","0,7777777778",0,,437,1,2,8,1
438,0,1,"0,4444444444",0,,438,1,10,5,1
439,0,"0,7777777778","0,5555555556","0,4444444444",,439,1,8,6,5
440,"0,5","0,7777777778","0,7777777778","0,7777777778",,440,3,8,8,8
441,0,"0,1111111111","0,2222222222",0,,441,1,2,3,1
442,0,1,1,0,,442,1,10,10,1
443,0,"0,1111111111","0,2222222222",0,,443,1,2,3,1
444,0,0,1,"0,2222222222",,444,1,1,10,3
445,0,0,0,"0,7777777778",,445,1,1,1,8
446,0,"0,1111111111","0,3333333333",0,,446,1,2,4,1
447,0,"0,1111111111","0,3333333333","0,1111111111",,447,1,2,4,2
448,1,"0,2222222222","0,8888888889",0,,448,5,3,9,1
449,0,"0,1111111111","0,7777777778",0,,449,1,2,8,1
450,0,"0,7777777778","0,2222222222",0,,450,1,8,3,1
451,0,"0,1111111111","0,5555555556",0,,451,1,2,6,1
452,0,"0,2222222222","0,4444444444",0,,452,1,3,5,1
453,0,"0,5555555556","0,4444444444",0,,453,1,6,5,1
454,0,"0,4444444444","0,2222222222",1,,454,1,5,3,10
455,0,1,"0,1111111111",0,,455,1,10,2,1
456,0,"0,8888888889",0,"0,2222222222",,456,1,9,1,3
457,0,"0,2222222222","0,7777777778","0,3333333333",,457,1,3,8,4
458,0,"0,7777777778","0,1111111111",1,,458,1,8,2,10
459,"0,5","0,8888888889","0,1111111111","0,7777777778",,459,3,9,2,8
460,0,"0,5555555556","0,5555555556",0,,460,1,6,6,1
461,0,"0,2222222222","0,7777777778","0,3333333333",,461,1,3,8,4
462,0,"0,2222222222","0,2222222222","0,3333333333",,462,1,3,3,4
463,0,"0,2222222222","0,3333333333",0,,463,1,3,4,1
464,0,"0,6666666667","0,8888888889","0,1111111111",,464,1,7,9,2
465,0,"0,8888888889",1,"0,2222222222",,465,1,9,10,3
466,0,"0,3333333333","0,2222222222",0,,466,1,4,3,1
467,0,"0,6666666667",0,1,,467,1,7,1,10
468,"0,5",0,"0,8888888889",0,,468,3,1,9,1
469,0,0,"0,2222222222","0,3333333333",,469,1,1,3,4
470,0,"0,7777777778",0,0,,470,1,8,1,1
471,0,"0,5555555556","0,1111111111","0,1111111111",,471,1,6,2,2
472,0,"0,3333333333","0,8888888889",1,,472,1,4,9,10
473,0,"0,7777777778","0,1111111111",0,,473,1,8,2,1
474,"0,5","0,8888888889","0,5555555556",1,,474,3,9,6,10
475,0,"0,2222222222","0,7777777778",0,,475,1,3,8,1
476,0,"0,4444444444","0,7777777778","0,6666666667",,476,1,5,8,7
477,0,0,"0,1111111111",0,,477,1,1,2,1
478,0,"0,7777777778","0,8888888889","0,1111111111",,478,1,8,9,2
479,0,"0,2222222222","0,2222222222",0,,479,1,3,3,1
480,0,0,"0,5555555556","0,7777777778",,480,1,1,6,8
481,0,"0,3333333333","0,7777777778",0,,481,1,4,8,1
482,0,"0,3333333333","0,8888888889",0,,482,1,4,9,1
483,0,0,"0,3333333333",0,,483,1,1,4,1
484,0,"0,2222222222","0,3333333333","0,7777777778",,484,1,3,4,8
485,0,0,1,0,,485,1,1,10,1
486,0,"0,3333333333","0,3333333333","0,3333333333",,486,1,4,4,4
487,0,"0,5555555556","0,3333333333",0,,487,1,6,4,1
488,0,"0,1111111111",0,0,,488,1,2,1,1
489,"0,5","0,3333333333","0,1111111111","0,4444444444",,489,3,4,2,5
490,0,"0,5555555556","0,5555555556","0,5555555556",,490,1,6,6,6
491,0,"0,8888888889","0,7777777778",0,,491,1,9,8,1
492,0,"0,7777777778","0,5555555556","0,7777777778",,492,1,8,6,8
493,"0,5","0,6666666667","0,8888888889",0,,493,3,7,9,1
494,0,"0,8888888889","0,4444444444",1,,494,1,9,5,10
495,0,"0,8888888889","0,1111111111","0,3333333333",,495,1,9,2,4
496,0,"0,8888888889","0,5555555556",0,,496,1,9,6,1
497,0,"0,3333333333","0,1111111111","0,3333333333",,497,1,4,2,4
498,0,"0,4444444444","0,2222222222",1,,498,1,5,3,10
499,"0,5","0,8888888889",1,"0,3333333333",,499,3,9,10,4
500,0,"0,2222222222","0,2222222222",0,,500,1,3,3,1
501,0,"0,5555555556","0,2222222222","0,6666666667",,501,1,6,3,7
502,1,0,0,"0,5555555556",,502,5,1,1,6
503,0,"0,3333333333","0,6666666667",0,,503,1,4,7,1
504,0,"0,3333333333",0,0,,504,1,4,1,1
505,0,"0,4444444444",1,0,,505,1,5,10,1
506,0,"0,8888888889","0,7777777778","0,4444444444",,506,1,9,8,5
507,"0,5","0,7777777778","0,4444444444","0,6666666667",,507,3,8,5,7
508,0,1,"0,5555555556","0,1111111111",,508,1,10,6,2
509,"0,5","0,3333333333","0,2222222222",0,,509,3,4,3,1
510,0,"0,2222222222",0,"0,7777777778",,510,1,3,1,8
511,0,0,"0,1111111111",0,,511,1,1,2,1
512,0,"0,4444444444","0,4444444444",0,,512,1,5,5,1
513,0,"0,8888888889",0,"0,7777777778",,513,1,9,1,8
514,0,"0,4444444444",0,0,,514,1,5,1,1
515,0,"0,6666666667",1,0,,515,1,7,10,1
516,0,"0,7777777778","0,6666666667","0,8888888889",,516,1,8,7,9
517,0,"0,4444444444","0,8888888889",0,,517,1,5,9,1
518,0,"0,6666666667",1,0,,518,1,7,10,1
519,0,"0,1111111111",0,0,,519,1,2,1,1
520,0,0,"0,4444444444","0,6666666667",,520,1,1,5,7
521,0,"0,7777777778","0,7777777778",1,,521,1,8,8,10
522,0,"0,4444444444",0,"0,3333333333",,522,1,5,1,4
523,0,"0,6666666667","0,2222222222",0,,523,1,7,3,1
524,0,"0,1111111111","0,7777777778",0,,524,1,2,8,1
525,0,"0,3333333333",0,"0,6666666667",,525,1,4,1,7
526,0,0,0,"0,4444444444",,526,1,1,1,5
527,0,"0,8888888889","0,4444444444",0,,527,1,9,5,1
528,0,"0,8888888889","0,5555555556","0,4444444444",,528,1,9,6,5
529,"0,5","0,5555555556",0,0,,529,3,6,1,1
530,0,"0,4444444444","0,4444444444","0,4444444444",,530,1,5,5,5
531,0,"0,6666666667","0,8888888889",0,,531,1,7,9,1
532,0,"0,7777777778","0,4444444444",0,,532,1,8,5,1
533,0,0,"0,4444444444",0,,533,1,1,5,1
534,0,"0,3333333333","0,5555555556","0,6666666667",,534,1,4,6,7
535,0,1,"0,8888888889","0,7777777778",,535,1,10,9,8
536,"0,75",1,"0,4444444444",1,,536,4,10,5,10
537,0,"0,8888888889","0,8888888889",0,,537,1,9,9,1
538,0,"0,1111111111","0,1111111111","0,2222222222",,538,1,2,2,3
539,0,"0,5555555556","0,5555555556","0,6666666667",,539,1,6,6,7
540,"0,75","0,8888888889","0,8888888889","0,1111111111",,540,4,9,9,2
541,"0,25","0,4444444444","0,3333333333","0,7777777778",,541,2,5,4,8
542,0,"0,7777777778","0,3333333333",0,,542,1,8,4,1
543,"0,25",0,0,0,,543,2,1,1,1
544,0,"0,5555555556","0,4444444444","0,7777777778",,544,1,6,5,8
545,0,"0,4444444444","0,6666666667",0,,545,1,5,7,1
546,0,"0,4444444444","0,1111111111",0,,546,1,5,2,1
547,0,0,"0,1111111111","0,4444444444",,547,1,1,2,5
548,0,"0,1111111111","0,7777777778",0,,548,1,2,8,1
549,0,1,"0,4444444444","0,5555555556",,549,1,10,5,6
550,0,"0,6666666667",1,0,,550,1,7,10,1
551,"0,5","0,6666666667","0,8888888889",0,,551,3,7,9,1
552,0,1,"0,7777777778",0,,552,1,10,8,1
553,0,"0,2222222222","0,5555555556",0,,553,1,3,6,1
554,0,"0,1111111111","0,8888888889",0,,554,1,2,9,1
555,0,"0,6666666667","0,6666666667",0,,555,1,7,7,1
556,"0,75",1,"0,6666666667",0,,556,4,10,7,1
557,0,"0,1111111111","0,4444444444","0,6666666667",,557,1,2,5,7
558,0,"0,5555555556",1,0,,558,1,6,10,1
559,"0,75","0,8888888889","0,5555555556","0,4444444444",,559,4,9,6,5
560,0,"0,6666666667","0,4444444444","0,6666666667",,560,1,7,5,7
561,0,0,"0,1111111111","0,1111111111",,561,1,1,2,2
562,0,"0,4444444444","0,4444444444",0,,562,1,5,5,1
563,0,"0,2222222222",0,"0,7777777778",,563,1,3,1,8
564,0,0,"0,6666666667","0,5555555556",,564,1,1,7,6
565,0,"0,6666666667","0,7777777778",0,,565,1,7,8,1
566,0,"0,4444444444",1,0,,566,1,5,10,1
567,0,"0,8888888889","0,6666666667",0,,567,1,9,7,1
568,0,"0,4444444444",0,0,,568,1,5,1,1
569,0,"0,7777777778","0,4444444444",0,,569,1,8,5,1
570,0,1,"0,8888888889",0,,570,1,10,9,1
571,0,1,"0,5555555556","0,2222222222",,571,1,10,6,3
572,0,1,"0,3333333333",0,,572,1,10,4,1
573,0,"0,1111111111","0,8888888889",0,,573,1,2,9,1
574,"0,25","0,3333333333","0,7777777778",0,,574,2,4,8,1
575,"0,5","0,8888888889","0,7777777778",0,,575,3,9,8,1
576,0,0,"0,1111111111","0,2222222222",,576,1,1,2,3
577,0,"0,3333333333","0,6666666667","0,5555555556",,577,1,4,7,6
578,0,1,"0,6666666667",0,,578,1,10,7,1
579,0,"0,6666666667",0,0,,579,1,7,1,1
580,0,"0,5555555556","0,3333333333","0,7777777778",,580,1,6,4,8
581,0,"0,5555555556",0,0,,581,1,6,1,1
582,0,0,"0,8888888889","0,2222222222",,582,1,1,9,3
583,0,"0,5555555556",1,0,,583,1,6,10,1
584,0,"0,4444444444",0,0,,584,1,5,1,1
585,0,"0,4444444444","0,2222222222","0,7777777778",,585,1,5,3,8
586,0,1,"0,3333333333","0,5555555556",,586,1,10,4,6
587,0,"0,4444444444","0,2222222222","0,7777777778",,587,1,5,3,8
588,0,0,"0,4444444444",0,,588,1,1,5,1
589,"0,5","0,6666666667","0,3333333333","0,1111111111",,589,3,7,4,2
590,0,"0,7777777778",1,0,,590,1,8,10,1
591,0,"0,4444444444",0,"0,6666666667",,591,1,5,1,7
592,"0,5",0,1,0,,592,3,1,10,1
593,0,"0,2222222222","0,7777777778","0,1111111111",,593,1,3,8,2
594,0,"0,5555555556","0,3333333333",0,,594,1,6,4,1
595,0,0,"0,3333333333",0,,595,1,1,4,1
596,0,1,"0,7777777778",0,,596,1,10,8,1
597,0,0,"0,3333333333",0,,597,1,1,4,1
598,0,"0,8888888889","0,4444444444","0,7777777778",,598,1,9,5,8
599,0,"0,4444444444","0,8888888889","0,1111111111",,599,1,5,9,2
600,0,"0,3333333333","0,2222222222",0,,600,1,4,3,1
601,"0,5",0,"0,4444444444",0,,601,3,1,5,1
602,0,"0,4444444444","0,2222222222","0,3333333333",,602,1,5,3,4
603,0,"0,3333333333","0,2222222222",0,,603,1,4,3,1
604,0,"0,7777777778","0,8888888889",0,,604,1,8,9,1
605,0,"0,6666666667","0,5555555556","0,6666666667",,605,1,7,6,7
606,1,"0,5555555556","0,8888888889",0,,606,5,6,9,1
607,0,"0,6666666667","0,5555555556",0,,607,1,7,6,1
608,0,0,"0,2222222222","0,1111111111",,608,1,1,3,2
609,0,"0,7777777778","0,4444444444","0,4444444444",,609,1,8,5,5
610,0,"0,2222222222",0,"0,7777777778",,610,1,3,1,8
611,0,"0,3333333333","0,2222222222","0,8888888889",,611,1,4,3,9
612,0,"0,2222222222","0,7777777778",0,,612,1,3,8,1
613,0,0,0,0,,613,1,1,1,1
614,0,"0,8888888889","0,6666666667",0,,614,1,9,7,1
615,0,"0,7777777778",1,0,,615,1,8,10,1
616,0,1,1,0,,616,1,10,10,1
617,0,1,"0,8888888889",0,,617,1,10,9,1
618,0,"0,6666666667","0,7777777778",0,,618,1,7,8,1
619,0,0,"0,3333333333",0,,619,1,1,4,1
620,0,"0,8888888889",0,"0,6666666667",,620,1,9,1,7
621,0,"0,3333333333","0,1111111111",0,,621,1,4,2,1
622,0,1,"0,8888888889","0,6666666667",,622,1,10,9,7
623,"0,5","0,7777777778","0,5555555556","0,8888888889",,623,3,8,6,9
624,0,"0,4444444444",0,"0,3333333333",,624,1,5,1,4
625,0,"0,7777777778","0,3333333333","0,7777777778",,625,1,8,4,8
626,0,"0,7777777778","0,3333333333","0,7777777778",,626,1,8,4,8
627,0,"0,6666666667",1,"0,4444444444",,627,1,7,10,5
628,0,"0,3333333333",1,0,,628,1,4,10,1
629,0,"0,1111111111",0,1,,629,1,2,1,10
630,0,"0,6666666667",1,1,,630,1,7,10,10
631,0,"0,7777777778","0,3333333333","0,7777777778",,631,1,8,4,8
632,0,"0,1111111111","0,1111111111",1,,632,1,2,2,10
633,0,"0,8888888889","0,4444444444",1,,633,1,9,5,10
634,0,"0,6666666667","0,6666666667",1,,634,1,7,7,10
635,0,"0,5555555556","0,5555555556",0,,635,1,6,6,1
636,0,"0,2222222222","0,8888888889",0,,636,1,3,9,1
637,0,"0,5555555556",1,0,,637,1,6,10,1
638,0,"0,7777777778","0,3333333333","0,2222222222",,638,1,8,4,3
639,0,"0,8888888889","0,7777777778","0,6666666667",,639,1,9,8,7
640,0,"0,8888888889","0,7777777778",1,,640,1,9,8,10
641,"0,5","0,5555555556","0,7777777778","0,7777777778",,641,3,6,8,8
642,0,"0,5555555556","0,6666666667",0,,642,1,6,7,1
643,0,"0,8888888889","0,1111111111","0,2222222222",,643,1,9,2,3
644,0,"0,7777777778","0,6666666667",0,,644,1,8,7,1
645,0,0,"0,1111111111",0,,645,1,1,2,1
646,"0,5","0,8888888889","0,6666666667","0,8888888889",,646,3,9,7,9
647,0,"0,6666666667","0,3333333333","0,5555555556",,647,1,7,4,6
648,0,"0,8888888889","0,1111111111","0,8888888889",,648,1,9,2,9
649,0,"0,1111111111","0,3333333333","0,8888888889",,649,1,2,4,9
650,0,"0,7777777778","0,8888888889",0,,650,1,8,9,1
651,0,1,"0,8888888889","0,5555555556",,651,1,10,9,6
652,"0,25",1,"0,6666666667",0,,652,2,10,7,1
653,0,"0,6666666667","0,7777777778",0,,653,1,7,8,1
654,"0,5","0,3333333333","0,5555555556",0,,654,3,4,6,1
655,0,"0,4444444444","0,4444444444","0,5555555556",,655,1,5,5,6
656,"0,5",1,"0,7777777778",0,,656,3,10,8,1
657,0,"0,3333333333","0,7777777778","0,3333333333",,657,1,4,8,4
658,0,"0,7777777778","0,8888888889",0,,658,1,8,9,1
659,0,"0,2222222222","0,4444444444","0,2222222222",,659,1,3,5,3
660,0,1,"0,8888888889",1,,660,1,10,9,10
661,0,"0,2222222222","0,6666666667",0,,661,1,3,7,1
662,0,"0,5555555556","0,5555555556","0,1111111111",,662,1,6,6,2
663,0,"0,7777777778","0,1111111111",0,,663,1,8,2,1
664,0,0,"0,4444444444",0,,664,1,1,5,1
665,0,"0,1111111111","0,7777777778",0,,665,1,2,8,1
666,0,"0,6666666667","0,8888888889",0,,666,1,7,9,1
667,0,"0,1111111111","0,7777777778","0,8888888889",,667,1,2,8,9
668,0,"0,6666666667","0,8888888889",0,,668,1,7,9,1
669,0,"0,7777777778","0,6666666667","0,1111111111",,669,1,8,7,2
670,0,"0,1111111111","0,1111111111","0,4444444444",,670,1,2,2,5
671,0,0,1,"0,2222222222",,671,1,1,10,3
672,0,"0,5555555556","0,1111111111",0,,672,1,6,2,1
673,"0,5","0,7777777778","0,6666666667",1,,673,3,8,7,10
674,0,1,"0,5555555556","0,1111111111",,674,1,10,6,2
675,0,1,1,0,,675,1,10,10,1
676,0,0,0,"0,6666666667",,676,1,1,1,7
677,0,0,1,"0,2222222222",,677,1,1,10,3
678,0,1,0,0,,678,1,10,1,1
679,0,"0,2222222222",0,"0,7777777778",,679,1,3,1,8
680,0,"0,1111111111","0,3333333333","0,7777777778",,680,1,2,4,8
681,"0,5",1,"0,6666666667",0,,681,3,10,7,1
682,0,"0,5555555556","0,7777777778","0,7777777778",,682,1,6,8,8
683,0,"0,3333333333","0,8888888889","0,7777777778",,683,1,4,9,8
684,0,"0,4444444444","0,1111111111",0,,684,1,5,2,1
685,0,"0,8888888889","0,8888888889","0,2222222222",,685,1,9,9,3
686,0,1,"0,1111111111",0,,686,1,10,2,1
687,0,1,1,"0,7777777778",,687,1,10,10,8
688,"0,25","0,6666666667","0,6666666667",1,,688,2,7,7,10
689,0,"0,8888888889","0,6666666667",0,,689,1,9,7,1
690,"0,5",1,"0,2222222222","0,4444444444",,690,3,10,3,5
691,0,"0,8888888889",0,"0,2222222222",,691,1,9,1,3
692,0,1,0,"0,3333333333",,692,1,10,1,4
693,0,"0,5555555556","0,1111111111","0,7777777778",,693,1,6,2,8
694,0,"0,5555555556","0,6666666667","0,2222222222",,694,1,6,7,3
695,0,"0,5555555556",1,0,,695,1,6,10,1
696,0,0,"0,7777777778",0,,696,1,1,8,1
697,0,"0,5555555556","0,1111111111","0,4444444444",,697,1,6,2,5
698,0,"0,3333333333",0,"0,1111111111",,698,1,4,1,2
699,0,"0,8888888889",1,0,,699,1,9,10,1
700,0,"0,7777777778",1,0,,700,1,8,10,1
701,0,"0,7777777778","0,7777777778",0,,701,1,8,8,1
702,0,"0,7777777778","0,4444444444","0,4444444444",,702,1,8,5,5
703,0,"0,2222222222","0,4444444444","0,7777777778",,703,1,3,5,8
704,0,"0,2222222222","0,3333333333","0,2222222222",,704,1,3,4,3
705,"0,5","0,8888888889","0,7777777778","0,3333333333",,705,3,9,8,4
706,0,1,"0,7777777778",0,,706,1,10,8,1
707,0,"0,3333333333","0,6666666667","0,2222222222",,707,1,4,7,3
708,0,"0,6666666667","0,2222222222",0,,708,1,7,3,1
709,0,"0,2222222222","0,7777777778","0,2222222222",,709,1,3,8,3
710,0,"0,5555555556","0,1111111111","0,3333333333",,710,1,6,2,4
711,0,"0,1111111111","0,6666666667","0,5555555556",,711,1,2,7,6
712,"0,5","0,4444444444","0,8888888889",0,,712,3,5,9,1
713,0,"0,5555555556","0,1111111111","0,7777777778",,713,1,6,2,8
714,0,"0,2222222222","0,3333333333",0,,714,1,3,4,1
715,"0,75","0,4444444444","0,7777777778",0,,715,4,5,8,1
716,0,"0,1111111111","0,2222222222",0,,716,1,2,3,1
717,0,1,"0,3333333333",1,,717,1,10,4,10
718,0,"0,6666666667",1,0,,718,1,7,10,1
719,0,1,"0,2222222222","0,5555555556",,719,1,10,3,6
720,1,0,0,0,,720,5,1,1,1
721,0,0,"0,4444444444",0,,721,1,1,5,1
722,0,"0,1111111111","0,4444444444",0,,722,1,2,5,1
723,0,"0,6666666667","0,2222222222",1,,723,1,7,3,10
724,0,"0,1111111111","0,4444444444","0,3333333333",,724,1,2,5,4
725,0,0,0,1,,725,1,1,1,10
726,0,0,0,0,,726,1,1,1,1
727,0,"0,7777777778","0,8888888889","0,3333333333",,727,1,8,9,4
728,0,"0,5555555556","0,5555555556",0,,728,1,6,6,1
729,1,1,1,0,,729,5,10,10,1
730,0,"0,7777777778","0,2222222222","0,8888888889",,730,1,8,3,9
731,0,"0,7777777778","0,7777777778","0,7777777778",,731,1,8,8,8
732,0,"0,4444444444",1,0,,732,1,5,10,1
733,0,0,0,0,,733,1,1,1,1
734,"0,5","0,5555555556","0,7777777778",0,,734,3,6,8,1
735,0,"0,4444444444","0,2222222222",0,,735,1,5,3,1
736,0,"0,2222222222","0,4444444444","0,1111111111",,736,1,3,5,2
737,0,"0,3333333333","0,5555555556","0,4444444444",,737,1,4,6,5
738,0,"0,4444444444","0,3333333333","0,6666666667",,738,1,5,4,7
739,0,"0,4444444444","0,2222222222","0,5555555556",,739,1,5,3,6
740,0,"0,3333333333",0,"0,1111111111",,740,1,4,1,2
741,0,"0,5555555556",0,0,,741,1,6,1,1
742,0,"0,2222222222","0,4444444444","0,6666666667",,742,1,3,5,7
743,"0,5","0,4444444444","0,6666666667","0,4444444444",,743,3,5,7,5
744,0,0,"0,3333333333",0,,744,1,1,4,1
745,0,"0,6666666667",1,0,,745,1,7,10,1
746,0,"0,4444444444","0,5555555556","0,3333333333",,746,1,5,6,4
747,0,"0,5555555556","0,4444444444","0,8888888889",,747,1,6,5,9
748,0,"0,2222222222","0,4444444444",0,,748,1,3,5,1
749,0,"0,2222222222",0,0,,749,1,3,1,1
750,0,"0,1111111111","0,6666666667",0,,750,1,2,7,1
751,0,"0,3333333333","0,4444444444","0,1111111111",,751,1,4,5,2
752,0,0,1,"0,2222222222",,752,1,1,10,3
753,0,"0,7777777778","0,5555555556","0,8888888889",,753,1,8,6,9
754,0,0,"0,2222222222","0,8888888889",,754,1,1,3,9
755,0,1,"0,8888888889","0,4444444444",,755,1,10,9,5
756,"0,5","0,8888888889",1,0,,756,3,9,10,1
757,0,"0,2222222222","0,1111111111","0,1111111111",,757,1,3,2,2
758,0,"0,8888888889",0,"0,4444444444",,758,1,9,1,5
759,0,1,"0,4444444444",0,,759,1,10,5,1
760,0,"0,1111111111","0,4444444444",0,,760,1,2,5,1
761,0,"0,1111111111","0,6666666667","0,3333333333",,761,1,2,7,4
762,0,"0,3333333333","0,6666666667",0,,762,1,4,7,1
763,0,"0,8888888889","0,5555555556","0,2222222222",,763,1,9,6,3
764,1,"0,8888888889","0,7777777778",0,,764,5,9,8,1
765,0,"0,1111111111",0,"0,1111111111",,765,1,2,1,2
766,0,0,"0,1111111111",0,,766,1,1,2,1
767,0,"0,2222222222","0,4444444444",0,,767,1,3,5,1
768,0,"0,5555555556","0,4444444444","0,1111111111",,768,1,6,5,2
769,0,1,"0,2222222222","0,2222222222",,769,1,10,3,3
770,0,"0,8888888889","0,1111111111",0,,770,1,9,2,1
771,0,"0,8888888889","0,7777777778","0,1111111111",,771,1,9,8,2
772,"0,5","0,7777777778","0,6666666667","0,5555555556",,772,3,8,7,6
773,0,0,"0,6666666667","0,5555555556",,773,1,1,7,6
774,0,"0,4444444444","0,3333333333",0,,774,1,5,4,1
775,0,"0,8888888889",1,0,,775,1,9,10,1
776,0,"0,6666666667","0,1111111111",1,,776,1,7,2,10
777,0,"0,7777777778","0,1111111111","0,5555555556",,777,1,8,2,6
778,0,"0,4444444444","0,6666666667","0,7777777778",,778,1,5,7,8
779,0,"0,1111111111","0,8888888889",0,,779,1,2,9,1
780,0,"0,8888888889","0,5555555556","0,2222222222",,780,1,9,6,3
781,0,"0,3333333333","0,6666666667","0,4444444444",,781,1,4,7,5
782,0,"0,2222222222",0,0,,782,1,3,1,1
783,0,"0,6666666667","0,5555555556",1,,783,1,7,6,10
784,0,0,"0,2222222222",0,,784,1,1,3,1
785,0,1,"0,7777777778",0,,785,1,10,8,1
786,"0,5","0,1111111111","0,2222222222",0,,786,3,2,3,1
787,0,"0,2222222222","0,5555555556","0,4444444444",,787,1,3,6,5
788,0,"0,8888888889","0,8888888889","0,8888888889",,788,1,9,9,9
789,0,"0,2222222222","0,5555555556",0,,789,1,3,6,1
790,0,"0,3333333333","0,1111111111","0,8888888889",,790,1,4,2,9
791,0,"0,3333333333","0,2222222222",0,,791,1,4,3,1
792,"0,5","0,1111111111",1,0,,792,3,2,10,1
793,"0,5","0,6666666667","0,5555555556",1,,793,3,7,6,10
794,0,"0,7777777778","0,7777777778",0,,794,1,8,8,1
795,0,"0,6666666667","0,2222222222","0,3333333333",,795,1,7,3,4
796,0,"0,2222222222",0,"0,2222222222",,796,1,3,1,3
797,0,"0,5555555556",0,"0,7777777778",,797,1,6,1,8
798,0,"0,1111111111","0,2222222222",0,,798,1,2,3,1
799,0,"0,6666666667","0,6666666667",1,,799,1,7,7,10
800,0,"0,6666666667","0,3333333333","0,2222222222",,800,1,7,4,3
801,0,"0,6666666667","0,8888888889","0,1111111111",,801,1,7,9,2
802,0,"0,3333333333","0,8888888889","0,6666666667",,802,1,4,9,7
803,"0,5",0,"0,4444444444",0,,803,3,1,5,1
804,0,"0,5555555556","0,6666666667",0,,804,1,6,7,1
805,0,0,"0,7777777778",0,,805,1,1,8,1
806,"0,25","0,1111111111","0,2222222222","0,8888888889",,806,2,2,3,9
807,0,"0,8888888889","0,8888888889",1,,807,1,9,9,10
808,0,"0,4444444444","0,5555555556",0,,808,1,5,6,1
809,0,"0,5555555556","0,1111111111",0,,809,1,6,2,1
810,0,"0,5555555556","0,3333333333",0,,810,1,6,4,1
811,0,"0,6666666667","0,1111111111",0,,811,1,7,2,1
812,0,1,"0,1111111111",0,,812,1,10,2,1
813,0,"0,3333333333","0,5555555556",0,,813,1,4,6,1
814,"0,75","0,8888888889",1,1,,814,4,9,10,10
815,0,"0,5555555556","0,7777777778","0,1111111111",,815,1,6,8,2
816,0,"0,7777777778","0,1111111111",0,,816,1,8,2,1
817,0,0,"0,1111111111",0,,817,1,1,2,1
818,0,"0,6666666667","0,6666666667",1,,818,1,7,7,10
819,0,"0,3333333333",1,"0,2222222222",,819,1,4,10,3
820,0,0,"0,2222222222",0,,820,1,1,3,1
821,0,"0,3333333333","0,7777777778","0,4444444444",,821,1,4,8,5
822,0,"0,1111111111",0,0,,822,1,2,1,1
823,"0,25","0,6666666667",0,1,,823,2,7,1,10
824,"0,5","0,7777777778","0,8888888889","0,4444444444",,824,3,8,9,5
825,0,"0,2222222222","0,5555555556","0,2222222222",,825,1,3,6,3
826,0,"0,2222222222","0,7777777778","0,4444444444",,826,1,3,8,5
827,0,1,1,"0,1111111111",,827,1,10,10,2
828,0,"0,7777777778","0,5555555556","0,5555555556",,828,1,8,6,6
829,0,1,"0,8888888889",0,,829,1,10,9,1
830,"0,5","0,1111111111","0,5555555556",0,,830,3,2,6,1
831,1,0,"0,6666666667",0,,831,5,1,7,1
832,0,1,"0,3333333333","0,3333333333",,832,1,10,4,4
833,0,1,"0,3333333333","0,8888888889",,833,1,10,4,9
834,0,"0,2222222222","0,3333333333","0,8888888889",,834,1,3,4,9
835,0,1,1,0,,835,1,10,10,1
836,"0,25",0,"0,6666666667",0,,836,2,1,7,1
837,0,0,"0,7777777778",0,,837,1,1,8,1
838,0,"0,5555555556","0,7777777778","0,8888888889",,838,1,6,8,9
839,"0,75",0,"0,8888888889",0,,839,4,1,9,1
840,0,"0,1111111111","0,5555555556","0,5555555556",,840,1,2,6,6
841,0,"0,7777777778","0,7777777778",0,,841,1,8,8,1
842,0,"0,6666666667","0,1111111111",0,,842,1,7,2,1
843,0,"0,2222222222","0,3333333333","0,6666666667",,843,1,3,4,7
844,0,1,"0,4444444444",1,,844,1,10,5,10
845,0,"0,3333333333","0,4444444444","0,2222222222",,845,1,4,5,3
846,0,"0,5555555556","0,3333333333","0,4444444444",,846,1,6,4,5
847,"0,5","0,3333333333","0,4444444444","0,4444444444",,847,3,4,5,5
848,0,"0,3333333333","0,5555555556","0,5555555556",,848,1,4,6,6
849,0,"0,6666666667","0,8888888889","0,5555555556",,849,1,7,9,6
850,0,"0,6666666667","0,8888888889",0,,850,1,7,9,1
851,0,"0,1111111111","0,4444444444",0,,851,1,2,5,1
852,0,1,"0,8888888889","0,8888888889",,852,1,10,9,9
853,0,"0,7777777778",1,0,,853,1,8,10,1
854,0,"0,6666666667","0,2222222222","0,4444444444",,854,1,7,3,5
855,0,"0,6666666667","0,1111111111","0,2222222222",,855,1,7,2,3
856,0,"0,2222222222","0,3333333333","0,8888888889",,856,1,3,4,9
857,0,"0,6666666667","0,5555555556",0,,857,1,7,6,1
858,0,"0,3333333333","0,4444444444","0,8888888889",,858,1,4,5,9
859,0,"0,2222222222","0,7777777778",0,,859,1,3,8,1
860,0,0,"0,2222222222","0,5555555556",,860,1,1,3,6
861,0,"0,4444444444",1,0,,861,1,5,10,1
862,0,"0,7777777778","0,2222222222",0,,862,1,8,3,1
863,"0,25","0,7777777778","0,7777777778",0,,863,2,8,8,1
864,"0,5","0,8888888889","0,1111111111","0,4444444444",,864,3,9,2,5
865,0,"0,2222222222","0,5555555556",0,,865,1,3,6,1
866,0,"0,5555555556",1,0,,866,1,6,10,1
867,0,"0,6666666667","0,8888888889",0,,867,1,7,9,1
868,0,1,1,"0,3333333333",,868,1,10,10,4
869,0,"0,1111111111","0,2222222222",0,,869,1,2,3,1
870,0,"0,1111111111","0,6666666667",0,,870,1,2,7,1
871,0,1,"0,8888888889",0,,871,1,10,9,1
872,0,"0,6666666667","0,2222222222","0,1111111111",,872,1,7,3,2
873,0,"0,7777777778","0,6666666667",1,,873,1,8,7,10
874,"0,5",0,1,1,,874,3,1,10,10
875,"0,5","0,1111111111","0,3333333333",0,,875,3,2,4,1
876,0,"0,8888888889","0,7777777778","0,7777777778",,876,1,9,8,8
877,"0,5","0,1111111111","0,4444444444",0,,877,3,2,5,1
878,0,"0,4444444444","0,6666666667",0,,878,1,5,7,1
879,0,"0,6666666667",1,"0,7777777778",,879,1,7,10,8
880,0,"0,6666666667","0,5555555556",0,,880,1,7,6,1
881,1,"0,1111111111",1,0,,881,5,2,10,1
882,"0,5","0,5555555556","0,4444444444","0,3333333333",,882,3,6,5,4
883,"0,5","0,5555555556","0,3333333333",1,,883,3,6,4,10
884,0,0,"0,2222222222","0,2222222222",,884,1,1,3,3
885,0,"0,4444444444","0,6666666667",0,,885,1,5,7,1
886,0,"0,7777777778","0,8888888889",1,,886,1,8,9,10
887,0,"0,7777777778","0,1111111111",0,,887,1,8,2,1
888,0,"0,6666666667",0,1,,888,1,7,1,10
889,0,"0,6666666667","0,7777777778","0,7777777778",,889,1,7,8,8
890,0,"0,4444444444","0,2222222222",0,,890,1,5,3,1
891,0,0,"0,3333333333","0,2222222222",,891,1,1,4,3
892,0,"0,7777777778","0,5555555556",1,,892,1,8,6,10
893,0,"0,4444444444","0,3333333333","0,1111111111",,893,1,5,4,2
894,0,"0,1111111111",0,"0,5555555556",,894,1,2,1,6
895,0,"0,8888888889","0,8888888889",0,,895,1,9,9,1
896,0,"0,4444444444",1,0,,896,1,5,10,1
897,0,"0,7777777778","0,3333333333","0,1111111111",,897,1,8,4,2
898,0,"0,3333333333","0,7777777778","0,2222222222",,898,1,4,8,3
899,0,1,"0,3333333333","0,8888888889",,899,1,10,4,9
900,0,1,"0,7777777778",0,,900,1,10,8,1
901,0,0,"0,4444444444","0,6666666667",,901,1,1,5,7
902,1,1,"0,5555555556",0,,902,5,10,6,1
903,0,"0,1111111111","0,4444444444","0,5555555556",,903,1,2,5,6
904,0,"0,1111111111","0,6666666667","0,6666666667",,904,1,2,7,7
905,"0,75","0,6666666667","0,2222222222","0,5555555556",,905,4,7,3,6
906,0,"0,4444444444",1,"0,8888888889",,906,1,5,10,9
907,1,"0,4444444444","0,8888888889","0,8888888889",,907,5,5,9,9
908,0,"0,8888888889","0,8888888889","0,8888888889",,908,1,9,9,9
909,0,"0,8888888889","0,7777777778","0,6666666667",,909,1,9,8,7
910,0,0,"0,8888888889","0,5555555556",,910,1,1,9,6
911,0,1,1,"0,7777777778",,911,1,10,10,8
912,0,0,"0,3333333333",0,,912,1,1,4,1
913,0,"0,2222222222","0,4444444444","0,7777777778",,913,1,3,5,8
914,0,"0,4444444444","0,7777777778",0,,914,1,5,8,1
915,0,"0,3333333333","0,6666666667",0,,915,1,4,7,1
916,0,"0,8888888889","0,2222222222",0,,916,1,9,3,1
917,0,1,0,0,,917,1,10,1,1
918,0,"0,1111111111","0,1111111111","0,5555555556",,918,1,2,2,6
919,"0,5","0,4444444444","0,8888888889",0,,919,3,5,9,1
920,0,0,"0,2222222222","0,6666666667",,920,1,1,3,7
921,0,"0,8888888889","0,6666666667","0,2222222222",,921,1,9,7,3
922,0,"0,2222222222","0,6666666667",0,,922,1,3,7,1
923,0,"0,8888888889","0,1111111111",0,,923,1,9,2,1
924,"0,5",1,"0,8888888889","0,5555555556",,924,3,10,9,6
925,0,"0,6666666667",0,1,,925,1,7,1,10
926,0,"0,3333333333","0,1111111111","0,1111111111",,926,1,4,2,2
927,0,"0,4444444444",1,0,,927,1,5,10,1
928,1,"0,7777777778","0,4444444444","0,8888888889",,928,5,8,5,9
929,0,"0,4444444444","0,3333333333",0,,929,1,5,4,1
930,0,"0,4444444444",0,1,,930,1,5,1,10
931,0,"0,8888888889","0,8888888889","0,2222222222",,931,1,9,9,3
932,1,"0,7777777778",1,0,,932,5,8,10,1
933,0,"0,5555555556","0,2222222222",1,,933,1,6,3,10
934,0,1,"0,5555555556",0,,934,1,10,6,1
935,0,"0,8888888889","0,5555555556","0,8888888889",,935,1,9,6,9
936,0,"0,6666666667","0,1111111111",0,,936,1,7,2,1
937,0,1,"0,5555555556",0,,937,1,10,6,1
938,0,"0,7777777778","0,4444444444",0,,938,1,8,5,1
939,0,1,"0,2222222222","0,1111111111",,939,1,10,3,2
940,1,"0,5555555556",1,0,,940,5,6,10,1
941,0,"0,4444444444","0,7777777778","0,5555555556",,941,1,5,8,6
942,0,"0,4444444444","0,2222222222","0,2222222222",,942,1,5,3,3
943,0,0,0,0,,943,1,1,1,1
944,0,"0,3333333333","0,5555555556","0,3333333333",,944,1,4,6,4
945,0,"0,3333333333","0,1111111111",0,,945,1,4,2,1
946,0,"0,1111111111",0,"0,1111111111",,946,1,2,1,2
947,"0,5","0,8888888889","0,6666666667","0,5555555556",,947,3,9,7,6
948,0,0,"0,1111111111",0,,948,1,1,2,1
949,0,0,0,0,,949,1,1,1,1
950,0,"0,2222222222","0,5555555556",0,,950,1,3,6,1
951,0,1,"0,7777777778",0,,951,1,10,8,1
952,"0,25",1,"0,4444444444","0,6666666667",,952,2,10,5,7
953,"0,5","0,2222222222","0,5555555556",0,,953,3,3,6,1
954,0,"0,4444444444","0,4444444444","0,6666666667",,954,1,5,5,7
955,"0,5","0,4444444444","0,2222222222","0,4444444444",,955,3,5,3,5
956,0,"0,2222222222","0,1111111111",0,,956,1,3,2,1
957,0,"0,8888888889","0,7777777778","0,6666666667",,957,1,9,8,7
958,0,0,"0,4444444444",0,,958,1,1,5,1
959,0,"0,4444444444",0,"0,1111111111",,959,1,5,1,2
960,0,"0,3333333333","0,6666666667","0,5555555556",,960,1,4,7,6
961,1,"0,1111111111",1,0,,961,5,2,10,1